{"cameraFar":50,"cameraNear":0.009999999776482582,"children":[{"identifier":"fonts:16052-60f5730c-a471-4f03-8fe9-a702c7212e50","modelName":"fonts"},{"identifier":"textures:16054-60f5730c-a471-4f03-8fe9-a702c7212e50","modelName":"textures"},{"identifier":"materials:16056-60f5730c-a471-4f03-8fe9-a702c7212e50","modelName":"materials"},{"identifier":"prefabs:16058-60f5730c-a471-4f03-8fe9-a702c7212e50","modelName":"prefabs"},{"identifier":"3_d_objects_model:16060-60f5730c-a471-4f03-8fe9-a702c7212e50","modelName":"3_d_objects_model"},{"animationMask":{"position":false,"rotation":false,"scale":false},"cameraVisibility":3,"children":[{"animationMask":{"position":false,"rotation":false,"scale":false},"cameraVisibility":3,"children":[{"animationMask":{"position":false,"rotation":false,"scale":false},"cameraVisibility":3,"children":[{"animationMask":{"position":false,"rotation":false,"scale":false},"cameraVisibility":3,"children":[{"animationMask":{"position":false,"rotation":false,"scale":false},"cameraVisibility":3,"color":16777215,"hidden":false,"identifier":"ambient_light_source_model:16138-60f5730c-a471-4f03-8fe9-a702c7212e50","intensity":0.20000000298023224,"layerIdentifier":"layer:16136-60f5730c-a471-4f03-8fe9-a702c7212e50","modelName":"ambient_light_source_model","name":"ambientLight0","outputVisibility":3,"transform":{"rx":0,"ry":0,"rz":0,"sx":1,"sy":1,"sz":1,"x":0,"y":0,"z":0}},{"animationMask":{"position":false,"rotation":false,"scale":false},"cameraVisibility":3,"castShadow":false,"color":16777215,"hidden":false,"identifier":"directional_light_source_model:16140-60f5730c-a471-4f03-8fe9-a702c7212e50","intensity":0.800000011920929,"layerIdentifier":"layer:16136-60f5730c-a471-4f03-8fe9-a702c7212e50","modelName":"directional_light_source_model","name":"directionalLight0","outputVisibility":3,"transform":{"rx":-0.7853981633974483,"ry":0.08726646259971647,"rz":0,"sx":1,"sy":1,"sz":1,"x":0.03,"y":0.25,"z":0.3}}],"hidden":false,"identifier":"focalDistance:16126-60f5730c-a471-4f03-8fe9-a702c7212e50","modelName":"focalDistance","name":"Focal Distance","outputVisibility":3,"transform":{"rx":0,"ry":0,"rz":0,"sx":1,"sy":1,"sz":1,"x":0,"y":0,"z":-0.5361266732215881}}],"hidden":false,"identifier":"camera:16124-60f5730c-a471-4f03-8fe9-a702c7212e50","modelName":"camera","name":"Camera","outputVisibility":3,"projectionType":0,"transform":{"rx":0,"ry":0,"rz":0,"sx":1,"sy":1,"sz":1,"x":0,"y":0,"z":0},"updateSource":2}],"hidden":false,"identifier":"device:16122-60f5730c-a471-4f03-8fe9-a702c7212e50","modelName":"device","name":"Device","outputVisibility":3,"transform":{"rx":0,"ry":0,"rz":0,"sx":1,"sy":1,"sz":1,"x":0,"y":0,"z":0}},{"animationMask":{"position":false,"rotation":false,"scale":false},"cameraVisibility":3,"children":[{"identifier":"block_inputs_model:16130-60f5730c-a471-4f03-8fe9-a702c7212e50","modelName":"block_inputs_model"},{"identifier":"block_outputs_model:16132-60f5730c-a471-4f03-8fe9-a702c7212e50","modelName":"block_outputs_model"},{"description":"","displayName":"Block","identifier":"block_metadata_model:16134-60f5730c-a471-4f03-8fe9-a702c7212e50","modelName":"block_metadata_model"}],"hidden":false,"identifier":"block_root_object_model:16128-60f5730c-a471-4f03-8fe9-a702c7212e50","modelName":"block_root_object_model","name":"Block Root","outputVisibility":3,"transform":{"rx":0,"ry":0,"rz":0,"sx":1,"sy":1,"sz":1,"x":0,"y":0,"z":0}}],"hidden":false,"identifier":"scene:16062-60f5730c-a471-4f03-8fe9-a702c7212e50","modelName":"scene","outputVisibility":3,"transform":{"rx":0,"ry":0,"rz":0,"sx":1,"sy":1,"sz":1,"x":0,"y":0,"z":0}},{"children":[{"color":9204427,"generationIndex":0,"hidden":false,"identifier":"layer:16136-60f5730c-a471-4f03-8fe9-a702c7212e50","modelName":"layer","name":"layer0"}],"identifier":"layers:16064-60f5730c-a471-4f03-8fe9-a702c7212e50","modelName":"layers"},{"identifier":"animations_model:16066-60f5730c-a471-4f03-8fe9-a702c7212e50","modelName":"animations_model"},{"identifier":"asset_collections_model:16068-60f5730c-a471-4f03-8fe9-a702c7212e50","modelName":"asset_collections_model"},{"identifier":"neural_networks_model:16070-60f5730c-a471-4f03-8fe9-a702c7212e50","modelName":"neural_networks_model"},{"identifier":"components_model:16072-60f5730c-a471-4f03-8fe9-a702c7212e50","modelName":"components_model"},{"identifier":"patch_graphs_model:16074-60f5730c-a471-4f03-8fe9-a702c7212e50","modelName":"patch_graphs_model"},{"excludeDuringExport":false,"identifier":"patch_editor_data_model:16076-60f5730c-a471-4f03-8fe9-a702c7212e50","modelName":"patch_editor_data_model"},{"identifier":"patch_assets_model:16078-60f5730c-a471-4f03-8fe9-a702c7212e50","modelName":"patch_assets_model"},{"identifier":"render_passes_model:16080-60f5730c-a471-4f03-8fe9-a702c7212e50","modelName":"render_passes_model"},{"identifier":"shaders:16082-60f5730c-a471-4f03-8fe9-a702c7212e50","modelName":"shaders"},{"children":[{"identifier":"script_bridging_variables_model:16086-60f5730c-a471-4f03-8fe9-a702c7212e50","modelName":"script_bridging_variables_model"}],"identifier":"scripts_model:16084-60f5730c-a471-4f03-8fe9-a702c7212e50","modelName":"scripts_model"},{"identifier":"node_packages_model:16088-60f5730c-a471-4f03-8fe9-a702c7212e50","modelName":"node_packages_model"},{"excludeDuringExport":false,"identifier":"bundled_packages_model:16090-60f5730c-a471-4f03-8fe9-a702c7212e50","modelName":"bundled_packages_model"},{"identifier":"internal_sounds_model:16092-60f5730c-a471-4f03-8fe9-a702c7212e50","modelName":"internal_sounds_model"},{"basicCompressionAccuracy":2,"basicCompressionFormat":0,"basicCompressionMethod":0,"basicSmartQuality":100,"basicSmartTextureTargetSizeLimit":0,"etcCompressionAccuracy":2,"etcCompressionFormat":0,"etcSmartQuality":100,"etcSmartTextureTargetSizeLimit":0,"globalSmartQuality":75,"globalSmartTextureTargetSizeLimit":0,"identifier":"exportConfig:16094-60f5730c-a471-4f03-8fe9-a702c7212e50","modelName":"exportConfig","pvrCompressionAccuracy":2,"pvrCompressionFormat":0,"pvrSmartQuality":100,"pvrSmartTextureTargetSizeLimit":0,"useDitheringForEtc":false,"useDitheringForPvr":false,"useSmartCompressionGlobally":true},{"XRayMinVersion":3,"audioEnableAudioGraphComponents":false,"audioEnableAudioTransformationsApi":false,"audioEnableMicVolumeLevelApi":false,"audioEnableProximityVolumeControl":false,"bodyTrackingMinVersion":101,"cameraControlDefaultCameraFacing":0,"dynamicTextAltitude":false,"dynamicTextDate":false,"dynamicTextLocation":false,"dynamicTextMusic":false,"dynamicTextPersonalisation":false,"dynamicTextSpeed":false,"dynamicTextWeather":false,"effectDisablesAudioPreview":false,"effectDisablesMicrophone":false,"effectForceAsyncScripting":false,"effectForcesSynchronousScripting":false,"effectHasAmbientAudio":false,"effectHasTriggeredAudio":false,"effectImageAntiAliasingEdgeSharpness":0.5,"effectImageAntiAliasingEdgeThreshold":0.5,"effectImageAntiAliasingTechnique":0,"effectPersistsFaceSessionID":false,"effectRecordingFromMic":false,"effectUses2DLandmarks":false,"effectUsesAnimationPlaybackController":false,"effectUsesAssistant":false,"effectUsesAudio":false,"effectUsesAudioFork":false,"effectUsesAudioLegacyMicFork":false,"effectUsesAudioMixer":false,"effectUsesAudioTimestamps":false,"effectUsesAutomaticInstructions":true,"effectUsesBlocks":false,"effectUsesBodyTracking":false,"effectUsesBoundingBoxScripting":false,"effectUsesCameraControl":false,"effectUsesCameraShare":false,"effectUsesComponentEvaluation":false,"effectUsesComposedMaterial":false,"effectUsesCreativeToolProxy":false,"effectUsesCustomEngineSDK":false,"effectUsesCustomFonts":false,"effectUsesCustomMaterial":false,"effectUsesCustomPipeline":false,"effectUsesDSP":false,"effectUsesDate":false,"effectUsesDepth":false,"effectUsesDepthData":false,"effectUsesDeviceMotion":false,"effectUsesDspAudioAnalyzer":false,"effectUsesDspBitCrusher":false,"effectUsesDspDelay":false,"effectUsesDspDenoiser":false,"effectUsesDspDistortion":false,"effectUsesDspEnergyMeter":false,"effectUsesDspModulator":false,"effectUsesDspParametricEqualizer":false,"effectUsesDspPitchShifter":false,"effectUsesDspReverb":false,"effectUsesDspVocoder":false,"effectUsesDynamicExtrusion":false,"effectUsesDynamicInstructions":false,"effectUsesDynamicText":false,"effectUsesExpressionTracking":false,"effectUsesExpressionTrackingModule":false,"effectUsesExternalMeshes":false,"effectUsesExternalMusicSelection":false,"effectUsesExternalTextures":false,"effectUsesExternalVideo":false,"effectUsesExternalVideoStream":false,"effectUsesFaceDeformationCoefficientReadability":false,"effectUsesFaceDistortion":false,"effectUsesFaceExpressionFitting":false,"effectUsesFaceExtraction":false,"effectUsesFaceMeshAdjustment":false,"effectUsesFaceTracker":false,"effectUsesFaceTracker3D":false,"effectUsesFaceTracker96":false,"effectUsesFaceTrackingScripting2D":false,"effectUsesFaceTrueScale":false,"effectUsesFacialExpressionRecognition":false,"effectUsesFacialGestureRecognition":false,"effectUsesFingerTracking":false,"effectUsesFrameBrightness":false,"effectUsesGalleryPicker":false,"effectUsesGazeCorrection":false,"effectUsesGenericML":false,"effectUsesGoldilocksMesh":false,"effectUsesGraphQL":false,"effectUsesHairSegmentation":false,"effectUsesHandGestureKeypoints":false,"effectUsesHandTracker":false,"effectUsesHapticFeedback":false,"effectUsesIdTracker":false,"effectUsesIdentity":false,"effectUsesImageAntiAliasing":false,"effectUsesImageBasedLighting":false,"effectUsesInstantGame":false,"effectUsesInstruction":false,"effectUsesInterEffectLinking":false,"effectUsesInternalScriptingAPI":false,"effectUsesIrisTracking":false,"effectUsesJavaScriptShaders":false,"effectUsesJavascriptToPatchesBridging":false,"effectUsesJsApiGetEffectSdkVersion":false,"effectUsesLegacyMesh":false,"effectUsesLineBasedPlaneTracking":false,"effectUsesLiveStreaming":false,"effectUsesLocale":false,"effectUsesLocation":false,"effectUsesLocationAirportData":false,"effectUsesMicrophone":false,"effectUsesMovingTargetTracking":false,"effectUsesMultiAnchorTracking":false,"effectUsesMultiplayer":false,"effectUsesMusic":false,"effectUsesNativeNavigation":false,"effectUsesNativeUIControl":false,"effectUsesNativeUIControlEditableText":false,"effectUsesNativeUIControlPicker":false,"effectUsesNativeUIControlPickerRemoteImages":false,"effectUsesNativeUIControlRawTextInput":false,"effectUsesNativeUIControlSlider":false,"effectUsesNetworking":false,"effectUsesNetworkingScriptAPI":false,"effectUsesObjectTracking":false,"effectUsesOcclusion":false,"effectUsesOmega":false,"effectUsesOpticalFlow":false,"effectUsesOpusCodec":false,"effectUsesOverlayOutput":false,"effectUsesPBRMaterial":false,"effectUsesPageScopedIdentity":false,"effectUsesParticleSystem":false,"effectUsesPersistence":false,"effectUsesPersistenceCaptureScope":false,"effectUsesPersistenceSharedScope":false,"effectUsesPersonalization":false,"effectUsesPlaneTrackerTrackTextureAPI":false,"effectUsesPlanesVisualization":false,"effectUsesPlatformEvents":false,"effectUsesPointTracking":false,"effectUsesPortalPose":false,"effectUsesPreviewCaptureOutputs":false,"effectUsesRGBCameraTexture":false,"effectUsesRealScaleEstimation":false,"effectUsesRealScaleEstimationWithFallback":false,"effectUsesRecognitionTracking":false,"effectUsesRecordedSignalsForSamplers":false,"effectUsesRemote3DModels":false,"effectUsesRemoteAugmentations":false,"effectUsesRemoteMaps":false,"effectUsesRenderPasses":false,"effectUsesRingTryOn":false,"effectUsesRosetta":false,"effectUsesScriptAnalytics":false,"effectUsesSegmentation":false,"effectUsesShaderCode":false,"effectUsesShaderPicking":false,"effectUsesShadows":false,"effectUsesSimpleSpatialSort":false,"effectUsesSkinSmoothing":false,"effectUsesSpeed":false,"effectUsesStickyLipsAdjustment":false,"effectUsesStyleTransfer":false,"effectUsesSupportedOrientations":false,"effectUsesSvg":false,"effectUsesTargetRecognition":false,"effectUsesTargetTracking":false,"effectUsesTextExtrusion":false,"effectUsesTouchGestures":false,"effectUsesTwoDimensionalText":false,"effectUsesUserGeneratedMaps":false,"effectUsesVRController":false,"effectUsesViperDebug":false,"effectUsesVisualShaders":false,"effectUsesVisualShadersSdf":false,"effectUsesWarpPostProcessor":false,"effectUsesWarpPreProcessor":false,"effectUsesWarpSmoothing":true,"effectUsesWeather":false,"effectUsesWebPTexture":false,"effectUsesWolf":false,"effectUsesWorldTracker":false,"effectUsesWorldTrackerJSAPI":false,"effectUsesXRay":false,"engineSDKVersion":"89.0","faceExpressionFittingMinVersion":3,"faceTrackerIsEnabled":false,"faceTrackerMaxFaces":1,"faceTrackerMinVersion":10,"hairSegmentationMinVersion":1,"handTrackerMaxHands":1,"handTrackerMinVersion":3,"identifier":"manifest:16096-60f5730c-a471-4f03-8fe9-a702c7212e50","instructionFindFaceBackCameraEnabled":true,"instructionFindFaceFrontCameraEnabled":true,"instructionFindHandBackCameraEnabled":true,"instructionFindHandFrontCameraEnabled":true,"instructionFindPersonBackCameraEnabled":true,"instructionFindPersonFrontCameraEnabled":true,"internalScriptingAPIDelay":false,"internalScriptingAPIDeprecatedParticles":false,"internalScriptingAPIEventStream":false,"internalScriptingAPIExperimentalCameraInfo":false,"internalScriptingAPIExperimentalFaceDistortion":false,"internalScriptingAPIGlobalTransform":false,"internalScriptingAPIPrereleased":false,"liveEffectSupportsNonLive":false,"modelName":"manifest","objectTrackerMaxObjects":1,"personalizationSpecialOccasion":0,"ringTryOnMinVersion":1,"segmentationMinVersion":2,"shaderPostProcessor":false,"shaderPreProcessor":false,"supportsLandscape":false,"supportsPortrait":true,"supportsWildcardDomainsWhitelisting":false,"targetRecognitionMinVersion":2,"touchGesturesSupportsLongPress":false,"touchGesturesSupportsPan":false,"touchGesturesSupportsPinch":false,"touchGesturesSupportsRawTouch":false,"touchGesturesSupportsRotate":false,"touchGesturesSupportsTap":false,"worldTrackerBackCameraEnabled":true,"worldTrackerFrontCameraEnabled":true,"worldTrackerMode":0,"worldTrackerUsesFaceTracker":false},{"identifier":"asset_attributions_model:16098-60f5730c-a471-4f03-8fe9-a702c7212e50","modelName":"asset_attributions_model"},{"identifier":"licenses_model:16100-60f5730c-a471-4f03-8fe9-a702c7212e50","modelName":"licenses_model"},{"identifier":"playback_controllers_model:16102-60f5730c-a471-4f03-8fe9-a702c7212e50","modelName":"playback_controllers_model"},{"identifier":"block_documents_model:16104-60f5730c-a471-4f03-8fe9-a702c7212e50","modelName":"block_documents_model"},{"identifier":"target:16106-60f5730c-a471-4f03-8fe9-a702c7212e50","modelName":"target","targetPlatforms":["facebook","instagram"]},{"identifier":"block_instances_model:16108-60f5730c-a471-4f03-8fe9-a702c7212e50","modelName":"block_instances_model"},{"identifier":"vectorImages:16110-60f5730c-a471-4f03-8fe9-a702c7212e50","modelName":"vectorImages"},{"identifier":"sounds:16112-60f5730c-a471-4f03-8fe9-a702c7212e50","modelName":"sounds"},{"identifier":"state_machines_model:16114-60f5730c-a471-4f03-8fe9-a702c7212e50","modelName":"state_machines_model"},{"identifier":"landmark_assets_model:16116-60f5730c-a471-4f03-8fe9-a702c7212e50","modelName":"landmark_assets_model"},{"identifier":"color_luts_data_model:16118-60f5730c-a471-4f03-8fe9-a702c7212e50","modelName":"color_luts_data_model"},{"forceStrictModeCompilation":false,"identifier":"scripting_config_model:16120-60f5730c-a471-4f03-8fe9-a702c7212e50","isStrictModeChangeable":false,"modelName":"scripting_config_model"}],"creatorFileVersion":{"dev":0,"patch":0,"prod":89},"creatorIdentifier":"com.facebook.arstudio.skylight","creatorPlatform":"windows","id":"1604860f5730ca4714f038fe9a702c7212e50","identifier":"document:16050-60f5730c-a471-4f03-8fe9-a702c7212e50","isBlockDocument":true,"measurementUnit":0,"modelName":"document","name":"Effect","revision":"1604960f5730ca4714f038fe9a702c7212e50","version":{"dev":0,"patch":0,"prod":89}}